Species,Stage,Clutch Completion,Culmen Length (mm),Culmen Depth (mm),Flipper Length (mm),Body Mass (g),Sex,sample_id
Adelie Penguin (Pygoscelis adeliae),"Adult, 1 Egg Stage",Yes,39.1,18.7,181.0,3750.0,MALE,1
Adelie Penguin (Pygoscelis adeliae),"Adult, 1 Egg Stage",Yes,39.5,17.4,186.0,3800.0,FEMALE,2
Adelie Penguin (Pygoscelis adeliae),"Adult, 1 Egg Stage",Yes,40.3,18.0,195.0,3250.0,FEMALE,3
Adelie Penguin (Pygoscelis adeliae),"Adult, 1 Egg Stage",Yes,,,,,,4
Adelie Penguin (Pygoscelis adeliae),"Adult, 1 Egg Stage",Yes,36.7,19.3,193.0,3450.0,FEMALE,5
Adelie Penguin (Pygoscelis adeliae),"Adult, 1 Egg Stage",Yes,39.3,20.6,190.0,3650.0,MALE,6
Adelie Penguin (Pygoscelis adeliae),"Adult, 1 Egg Stage",No,38.9,17.8,181.0,3625.0,FEMALE,7
Adelie Penguin (Pygoscelis adeliae),"Adult, 1 Egg Stage",No,39.2,19.6,195.0,4675.0,MALE,8
Adelie Penguin (Pygoscelis adeliae),"Adult, 1 Egg Stage",Yes,34.1,18.1,193.0,3475.0,,9
Adelie Penguin (Pygoscelis adeliae),"Adult, 1 Egg Stage",Yes,42.0,20.2,190.0,4250.0,,10
Adelie Penguin (Pygoscelis adeliae),"Adult, 1 Egg Stage",Yes,37.8,17.1,186.0,3300.0,,11
Adelie Penguin (Pygoscelis adeliae),"Adult, 1 Egg Stage",Yes,37.8,17.3,180.0,3700.0,,12
Adelie Penguin (Pygoscelis adeliae),"Adult, 1 Egg Stage",Yes,41.1,17.6,182.0,3200.0,FEMALE,13
Adelie Penguin (Pygoscelis adeliae),"Adult, 1 Egg Stage",Yes,38.6,21.2,191.0,3800.0,MALE,14
Adelie Penguin (Pygoscelis adeliae),"Adult, 1 Egg Stage",Yes,34.6,21.1,198.0,4400.0,MALE,15
Adelie Penguin (Pygoscelis adeliae),"Adult, 1 Egg Stage",Yes,36.6,17.8,185.0,3700.0,FEMALE,16
Adelie Penguin (Pygoscelis adeliae),"Adult, 1 Egg Stage",Yes,38.7,19.0,195.0,3450.0,FEMALE,17
Adelie Penguin (Pygoscelis adeliae),"Adult, 1 Egg Stage",Yes,42.5,20.7,197.0,4500.0,MALE,18
Adelie Penguin (Pygoscelis adeliae),"Adult, 1 Egg Stage",Yes,34.4,18.4,184.0,3325.0,FEMALE,19
Adelie Penguin (Pygoscelis adeliae),"Adult, 1 Egg Stage",Yes,46.0,21.5,194.0,4200.0,MALE,20
Adelie Penguin (Pygoscelis adeliae),"Adult, 1 Egg Stage",Yes,37.8,18.3,174.0,3400.0,FEMALE,21
Adelie Penguin (Pygoscelis adeliae),"Adult, 1 Egg Stage",Yes,37.7,18.7,180.0,3600.0,MALE,22
Adelie Penguin (Pygoscelis adeliae),"Adult, 1 Egg Stage",Yes,35.9,19.2,189.0,3800.0,FEMALE,23
Adelie Penguin (Pygoscelis adeliae),"Adult, 1 Egg Stage",Yes,38.2,18.1,185.0,3950.0,MALE,24
Adelie Penguin (Pygoscelis adeliae),"Adult, 1 Egg Stage",Yes,38.8,17.2,180.0,3800.0,MALE,25
Adelie Penguin (Pygoscelis adeliae),"Adult, 1 Egg Stage",Yes,35.3,18.9,187.0,3800.0,FEMALE,26
Adelie Penguin (Pygoscelis adeliae),"Adult, 1 Egg Stage",Yes,40.6,18.6,183.0,3550.0,MALE,27
Adelie Penguin (Pygoscelis adeliae),"Adult, 1 Egg Stage",Yes,40.5,17.9,187.0,3200.0,FEMALE,28
Adelie Penguin (Pygoscelis adeliae),"Adult, 1 Egg Stage",No,37.9,18.6,172.0,3150.0,FEMALE,29
Adelie Penguin (Pygoscelis adeliae),"Adult, 1 Egg Stage",No,40.5,18.9,180.0,3950.0,MALE,30
Adelie Penguin (Pygoscelis adeliae),"Adult, 1 Egg Stage",Yes,39.5,16.7,178.0,3250.0,FEMALE,31
Adelie Penguin (Pygoscelis adeliae),"Adult, 1 Egg Stage",Yes,37.2,18.1,178.0,3900.0,MALE,32
Adelie Penguin (Pygoscelis adeliae),"Adult, 1 Egg Stage",Yes,39.5,17.8,188.0,3300.0,FEMALE,33
Adelie Penguin (Pygoscelis adeliae),"Adult, 1 Egg Stage",Yes,40.9,18.9,184.0,3900.0,MALE,34
Adelie Penguin (Pygoscelis adeliae),"Adult, 1 Egg Stage",Yes,36.4,17.0,195.0,3325.0,FEMALE,35
Adelie Penguin (Pygoscelis adeliae),"Adult, 1 Egg Stage",Yes,39.2,21.1,196.0,4150.0,MALE,36
Adelie Penguin (Pygoscelis adeliae),"Adult, 1 Egg Stage",Yes,38.8,20.0,190.0,3950.0,MALE,37
Adelie Penguin (Pygoscelis adeliae),"Adult, 1 Egg Stage",Yes,42.2,18.5,180.0,3550.0,FEMALE,38
Adelie Penguin (Pygoscelis adeliae),"Adult, 1 Egg Stage",No,37.6,19.3,181.0,3300.0,FEMALE,39
Adelie Penguin (Pygoscelis adeliae),"Adult, 1 Egg Stage",No,39.8,19.1,184.0,4650.0,MALE,40
Adelie Penguin (Pygoscelis adeliae),"Adult, 1 Egg Stage",Yes,36.5,18.0,182.0,3150.0,FEMALE,41
Adelie Penguin (Pygoscelis adeliae),"Adult, 1 Egg Stage",Yes,40.8,18.4,195.0,3900.0,MALE,42
Adelie Penguin (Pygoscelis adeliae),"Adult, 1 Egg Stage",Yes,36.0,18.5,186.0,3100.0,FEMALE,43
Adelie Penguin (Pygoscelis adeliae),"Adult, 1 Egg Stage",Yes,44.1,19.7,196.0,4400.0,MALE,44
Adelie Penguin (Pygoscelis adeliae),"Adult, 1 Egg Stage",Yes,37.0,16.9,185.0,3000.0,FEMALE,45
Adelie Penguin (Pygoscelis adeliae),"Adult, 1 Egg Stage",Yes,39.6,18.8,190.0,4600.0,MALE,46
Adelie Penguin (Pygoscelis adeliae),"Adult, 1 Egg Stage",Yes,41.1,19.0,182.0,3425.0,MALE,47
Adelie Penguin (Pygoscelis adeliae),"Adult, 1 Egg Stage",Yes,37.5,18.9,179.0,2975.0,,48
Adelie Penguin (Pygoscelis adeliae),"Adult, 1 Egg Stage",Yes,36.0,17.9,190.0,3450.0,FEMALE,49
Adelie Penguin (Pygoscelis adeliae),"Adult, 1 Egg Stage",Yes,42.3,21.2,191.0,4150.0,MALE,50
Adelie Penguin (Pygoscelis adeliae),"Adult, 1 Egg Stage",Yes,39.6,17.7,186.0,3500.0,FEMALE,51
Adelie Penguin (Pygoscelis adeliae),"Adult, 1 Egg Stage",Yes,40.1,18.9,188.0,4300.0,MALE,52
Adelie Penguin (Pygoscelis adeliae),"Adult, 1 Egg Stage",Yes,35.0,17.9,190.0,3450.0,FEMALE,53
Adelie Penguin (Pygoscelis adeliae),"Adult, 1 Egg Stage",Yes,42.0,19.5,200.0,4050.0,MALE,54
Adelie Penguin (Pygoscelis adeliae),"Adult, 1 Egg Stage",Yes,34.5,18.1,187.0,2900.0,FEMALE,55
Adelie Penguin (Pygoscelis adeliae),"Adult, 1 Egg Stage",Yes,41.4,18.6,191.0,3700.0,MALE,56
Adelie Penguin (Pygoscelis adeliae),"Adult, 1 Egg Stage",Yes,39.0,17.5,186.0,3550.0,FEMALE,57
Adelie Penguin (Pygoscelis adeliae),"Adult, 1 Egg Stage",Yes,40.6,18.8,193.0,3800.0,MALE,58
Adelie Penguin (Pygoscelis adeliae),"Adult, 1 Egg Stage",Yes,36.5,16.6,181.0,2850.0,FEMALE,59
Adelie Penguin (Pygoscelis adeliae),"Adult, 1 Egg Stage",Yes,37.6,19.1,194.0,3750.0,MALE,60
Adelie Penguin (Pygoscelis adeliae),"Adult, 1 Egg Stage",Yes,35.7,16.9,185.0,3150.0,FEMALE,61
Adelie Penguin (Pygoscelis adeliae),"Adult, 1 Egg Stage",Yes,41.3,21.1,195.0,4400.0,MALE,62
Adelie Penguin (Pygoscelis adeliae),"Adult, 1 Egg Stage",Yes,37.6,17.0,185.0,3600.0,FEMALE,63
Adelie Penguin (Pygoscelis adeliae),"Adult, 1 Egg Stage",Yes,41.1,18.2,192.0,4050.0,MALE,64
Adelie Penguin (Pygoscelis adeliae),"Adult, 1 Egg Stage",Yes,36.4,17.1,184.0,2850.0,FEMALE,65
Adelie Penguin (Pygoscelis adeliae),"Adult, 1 Egg Stage",Yes,41.6,18.0,192.0,3950.0,MALE,66
Adelie Penguin (Pygoscelis adeliae),"Adult, 1 Egg Stage",Yes,35.5,16.2,195.0,3350.0,FEMALE,67
Adelie Penguin (Pygoscelis adeliae),"Adult, 1 Egg Stage",Yes,41.1,19.1,188.0,4100.0,MALE,68
Adelie Penguin (Pygoscelis adeliae),"Adult, 1 Egg Stage",No,35.9,16.6,190.0,3050.0,FEMALE,69
Adelie Penguin (Pygoscelis adeliae),"Adult, 1 Egg Stage",No,41.8,19.4,198.0,4450.0,MALE,70
Adelie Penguin (Pygoscelis adeliae),"Adult, 1 Egg Stage",Yes,33.5,19.0,190.0,3600.0,FEMALE,71
Adelie Penguin (Pygoscelis adeliae),"Adult, 1 Egg Stage",Yes,39.7,18.4,190.0,3900.0,MALE,72
Adelie Penguin (Pygoscelis adeliae),"Adult, 1 Egg Stage",Yes,39.6,17.2,196.0,3550.0,FEMALE,73
Adelie Penguin (Pygoscelis adeliae),"Adult, 1 Egg Stage",Yes,45.8,18.9,197.0,4150.0,MALE,74
Adelie Penguin (Pygoscelis adeliae),"Adult, 1 Egg Stage",Yes,35.5,17.5,190.0,3700.0,FEMALE,75
Adelie Penguin (Pygoscelis adeliae),"Adult, 1 Egg Stage",Yes,42.8,18.5,195.0,4250.0,MALE,76
Adelie Penguin (Pygoscelis adeliae),"Adult, 1 Egg Stage",Yes,40.9,16.8,191.0,3700.0,FEMALE,77
Adelie Penguin (Pygoscelis adeliae),"Adult, 1 Egg Stage",Yes,37.2,19.4,184.0,3900.0,MALE,78
Adelie Penguin (Pygoscelis adeliae),"Adult, 1 Egg Stage",Yes,36.2,16.1,187.0,3550.0,FEMALE,79
Adelie Penguin (Pygoscelis adeliae),"Adult, 1 Egg Stage",Yes,42.1,19.1,195.0,4000.0,MALE,80
Adelie Penguin (Pygoscelis adeliae),"Adult, 1 Egg Stage",Yes,34.6,17.2,189.0,3200.0,FEMALE,81
Adelie Penguin (Pygoscelis adeliae),"Adult, 1 Egg Stage",Yes,42.9,17.6,196.0,4700.0,MALE,82
Adelie Penguin (Pygoscelis adeliae),"Adult, 1 Egg Stage",Yes,36.7,18.8,187.0,3800.0,FEMALE,83
Adelie Penguin (Pygoscelis adeliae),"Adult, 1 Egg Stage",Yes,35.1,19.4,193.0,4200.0,MALE,84
Adelie Penguin (Pygoscelis adeliae),"Adult, 1 Egg Stage",Yes,37.3,17.8,191.0,3350.0,FEMALE,85
Adelie Penguin (Pygoscelis adeliae),"Adult, 1 Egg Stage",Yes,41.3,20.3,194.0,3550.0,MALE,86
Adelie Penguin (Pygoscelis adeliae),"Adult, 1 Egg Stage",Yes,36.3,19.5,190.0,3800.0,MALE,87
Adelie Penguin (Pygoscelis adeliae),"Adult, 1 Egg Stage",Yes,36.9,18.6,189.0,3500.0,FEMALE,88
Adelie Penguin (Pygoscelis adeliae),"Adult, 1 Egg Stage",Yes,38.3,19.2,189.0,3950.0,MALE,89
Adelie Penguin (Pygoscelis adeliae),"Adult, 1 Egg Stage",Yes,38.9,18.8,190.0,3600.0,FEMALE,90
Adelie Penguin (Pygoscelis adeliae),"Adult, 1 Egg Stage",Yes,35.7,18.0,202.0,3550.0,FEMALE,91
Adelie Penguin (Pygoscelis adeliae),"Adult, 1 Egg Stage",Yes,41.1,18.1,205.0,4300.0,MALE,92
Adelie Penguin (Pygoscelis adeliae),"Adult, 1 Egg Stage",Yes,34.0,17.1,185.0,3400.0,FEMALE,93
Adelie Penguin (Pygoscelis adeliae),"Adult, 1 Egg Stage",Yes,39.6,18.1,186.0,4450.0,MALE,94
Adelie Penguin (Pygoscelis adeliae),"Adult, 1 Egg Stage",Yes,36.2,17.3,187.0,3300.0,FEMALE,95
Adelie Penguin (Pygoscelis adeliae),"Adult, 1 Egg Stage",Yes,40.8,18.9,208.0,4300.0,MALE,96
Adelie Penguin (Pygoscelis adeliae),"Adult, 1 Egg Stage",Yes,38.1,18.6,190.0,3700.0,FEMALE,97
Adelie Penguin (Pygoscelis adeliae),"Adult, 1 Egg Stage",Yes,40.3,18.5,196.0,4350.0,MALE,98
Adelie Penguin (Pygoscelis adeliae),"Adult, 1 Egg Stage",Yes,33.1,16.1,178.0,2900.0,FEMALE,99
Adelie Penguin (Pygoscelis adeliae),"Adult, 1 Egg Stage",Yes,43.2,18.5,192.0,4100.0,MALE,100
Adelie Penguin (Pygoscelis adeliae),"Adult, 1 Egg Stage",Yes,35.0,17.9,192.0,3725.0,FEMALE,101
Adelie Penguin (Pygoscelis adeliae),"Adult, 1 Egg Stage",Yes,41.0,20.0,203.0,4725.0,MALE,102
Adelie Penguin (Pygoscelis adeliae),"Adult, 1 Egg Stage",Yes,37.7,16.0,183.0,3075.0,FEMALE,103
Adelie Penguin (Pygoscelis adeliae),"Adult, 1 Egg Stage",Yes,37.8,20.0,190.0,4250.0,MALE,104
Adelie Penguin (Pygoscelis adeliae),"Adult, 1 Egg Stage",Yes,37.9,18.6,193.0,2925.0,FEMALE,105
Adelie Penguin (Pygoscelis adeliae),"Adult, 1 Egg Stage",Yes,39.7,18.9,184.0,3550.0,MALE,106
Adelie Penguin (Pygoscelis adeliae),"Adult, 1 Egg Stage",Yes,38.6,17.2,199.0,3750.0,FEMALE,107
Adelie Penguin (Pygoscelis adeliae),"Adult, 1 Egg Stage",Yes,38.2,20.0,190.0,3900.0,MALE,108
Adelie Penguin (Pygoscelis adeliae),"Adult, 1 Egg Stage",Yes,38.1,17.0,181.0,3175.0,FEMALE,109
Adelie Penguin (Pygoscelis adeliae),"Adult, 1 Egg Stage",Yes,43.2,19.0,197.0,4775.0,MALE,110
Adelie Penguin (Pygoscelis adeliae),"Adult, 1 Egg Stage",Yes,38.1,16.5,198.0,3825.0,FEMALE,111
Adelie Penguin (Pygoscelis adeliae),"Adult, 1 Egg Stage",Yes,45.6,20.3,191.0,4600.0,MALE,112
Adelie Penguin (Pygoscelis adeliae),"Adult, 1 Egg Stage",Yes,39.7,17.7,193.0,3200.0,FEMALE,113
Adelie Penguin (Pygoscelis adeliae),"Adult, 1 Egg Stage",Yes,42.2,19.5,197.0,4275.0,MALE,114
Adelie Penguin (Pygoscelis adeliae),"Adult, 1 Egg Stage",Yes,39.6,20.7,191.0,3900.0,FEMALE,115
Adelie Penguin (Pygoscelis adeliae),"Adult, 1 Egg Stage",Yes,42.7,18.3,196.0,4075.0,MALE,116
Adelie Penguin (Pygoscelis adeliae),"Adult, 1 Egg Stage",Yes,38.6,17.0,188.0,2900.0,FEMALE,117
Adelie Penguin (Pygoscelis adeliae),"Adult, 1 Egg Stage",Yes,37.3,20.5,199.0,3775.0,MALE,118
Adelie Penguin (Pygoscelis adeliae),"Adult, 1 Egg Stage",Yes,35.7,17.0,189.0,3350.0,FEMALE,119
Adelie Penguin (Pygoscelis adeliae),"Adult, 1 Egg Stage",Yes,41.1,18.6,189.0,3325.0,MALE,120
Adelie Penguin (Pygoscelis adeliae),"Adult, 1 Egg Stage",No,36.2,17.2,187.0,3150.0,FEMALE,121
Adelie Penguin (Pygoscelis adeliae),"Adult, 1 Egg Stage",No,37.7,19.8,198.0,3500.0,MALE,122
Adelie Penguin (Pygoscelis adeliae),"Adult, 1 Egg Stage",Yes,40.2,17.0,176.0,3450.0,FEMALE,123
Adelie Penguin (Pygoscelis adeliae),"Adult, 1 Egg Stage",Yes,41.4,18.5,202.0,3875.0,MALE,124
Adelie Penguin (Pygoscelis adeliae),"Adult, 1 Egg Stage",Yes,35.2,15.9,186.0,3050.0,FEMALE,125
Adelie Penguin (Pygoscelis adeliae),"Adult, 1 Egg Stage",Yes,40.6,19.0,199.0,4000.0,MALE,126
Adelie Penguin (Pygoscelis adeliae),"Adult, 1 Egg Stage",Yes,38.8,17.6,191.0,3275.0,FEMALE,127
Adelie Penguin (Pygoscelis adeliae),"Adult, 1 Egg Stage",Yes,41.5,18.3,195.0,4300.0,MALE,128
Adelie Penguin (Pygoscelis adeliae),"Adult, 1 Egg Stage",Yes,39.0,17.1,191.0,3050.0,FEMALE,129
Adelie Penguin (Pygoscelis adeliae),"Adult, 1 Egg Stage",Yes,44.1,18.0,210.0,4000.0,MALE,130
Adelie Penguin (Pygoscelis adeliae),"Adult, 1 Egg Stage",No,38.5,17.9,190.0,3325.0,FEMALE,131
Adelie Penguin (Pygoscelis adeliae),"Adult, 1 Egg Stage",No,43.1,19.2,197.0,3500.0,MALE,132
Adelie Penguin (Pygoscelis adeliae),"Adult, 1 Egg Stage",Yes,36.8,18.5,193.0,3500.0,FEMALE,133
Adelie Penguin (Pygoscelis adeliae),"Adult, 1 Egg Stage",Yes,37.5,18.5,199.0,4475.0,MALE,134
Adelie Penguin (Pygoscelis adeliae),"Adult, 1 Egg Stage",Yes,38.1,17.6,187.0,3425.0,FEMALE,135
Adelie Penguin (Pygoscelis adeliae),"Adult, 1 Egg Stage",Yes,41.1,17.5,190.0,3900.0,MALE,136
Adelie Penguin (Pygoscelis adeliae),"Adult, 1 Egg Stage",Yes,35.6,17.5,191.0,3175.0,FEMALE,137
Adelie Penguin (Pygoscelis adeliae),"Adult, 1 Egg Stage",Yes,40.2,20.1,200.0,3975.0,MALE,138
Adelie Penguin (Pygoscelis adeliae),"Adult, 1 Egg Stage",No,37.0,16.5,185.0,3400.0,FEMALE,139
Adelie Penguin (Pygoscelis adeliae),"Adult, 1 Egg Stage",No,39.7,17.9,193.0,4250.0,MALE,140
Adelie Penguin (Pygoscelis adeliae),"Adult, 1 Egg Stage",Yes,40.2,17.1,193.0,3400.0,FEMALE,141
Adelie Penguin (Pygoscelis adeliae),"Adult, 1 Egg Stage",Yes,40.6,17.2,187.0,3475.0,MALE,142
Adelie Penguin (Pygoscelis adeliae),"Adult, 1 Egg Stage",Yes,32.1,15.5,188.0,3050.0,FEMALE,143
Adelie Penguin (Pygoscelis adeliae),"Adult, 1 Egg Stage",Yes,40.7,17.0,190.0,3725.0,MALE,144
Adelie Penguin (Pygoscelis adeliae),"Adult, 1 Egg Stage",Yes,37.3,16.8,192.0,3000.0,FEMALE,145
Adelie Penguin (Pygoscelis adeliae),"Adult, 1 Egg Stage",Yes,39.0,18.7,185.0,3650.0,MALE,146
Adelie Penguin (Pygoscelis adeliae),"Adult, 1 Egg Stage",Yes,39.2,18.6,190.0,4250.0,MALE,147
Adelie Penguin (Pygoscelis adeliae),"Adult, 1 Egg Stage",Yes,36.6,18.4,184.0,3475.0,FEMALE,148
Adelie Penguin (Pygoscelis adeliae),"Adult, 1 Egg Stage",Yes,36.0,17.8,195.0,3450.0,FEMALE,149
Adelie Penguin (Pygoscelis adeliae),"Adult, 1 Egg Stage",Yes,37.8,18.1,193.0,3750.0,MALE,150
Adelie Penguin (Pygoscelis adeliae),"Adult, 1 Egg Stage",Yes,36.0,17.1,187.0,3700.0,FEMALE,151
Adelie Penguin (Pygoscelis adeliae),"Adult, 1 Egg Stage",Yes,41.5,18.5,201.0,4000.0,MALE,152
Chinstrap penguin (Pygoscelis antarctica),"Adult, 1 Egg Stage",No,46.5,17.9,192.0,3500.0,FEMALE,153
Chinstrap penguin (Pygoscelis antarctica),"Adult, 1 Egg Stage",No,50.0,19.5,196.0,3900.0,MALE,154
Chinstrap penguin (Pygoscelis antarctica),"Adult, 1 Egg Stage",Yes,51.3,19.2,193.0,3650.0,MALE,155
Chinstrap penguin (Pygoscelis antarctica),"Adult, 1 Egg Stage",Yes,45.4,18.7,188.0,3525.0,FEMALE,156
Chinstrap penguin (Pygoscelis antarctica),"Adult, 1 Egg Stage",Yes,52.7,19.8,197.0,3725.0,MALE,157
Chinstrap penguin (Pygoscelis antarctica),"Adult, 1 Egg Stage",Yes,45.2,17.8,198.0,3950.0,FEMALE,158
Chinstrap penguin (Pygoscelis antarctica),"Adult, 1 Egg Stage",Yes,46.1,18.2,178.0,3250.0,FEMALE,159
Chinstrap penguin (Pygoscelis antarctica),"Adult, 1 Egg Stage",Yes,51.3,18.2,197.0,3750.0,MALE,160
Chinstrap penguin (Pygoscelis antarctica),"Adult, 1 Egg Stage",Yes,46.0,18.9,195.0,4150.0,FEMALE,161
Chinstrap penguin (Pygoscelis antarctica),"Adult, 1 Egg Stage",Yes,51.3,19.9,198.0,3700.0,MALE,162
Chinstrap penguin (Pygoscelis antarctica),"Adult, 1 Egg Stage",Yes,46.6,17.8,193.0,3800.0,FEMALE,163
Chinstrap penguin (Pygoscelis antarctica),"Adult, 1 Egg Stage",Yes,51.7,20.3,194.0,3775.0,MALE,164
Chinstrap penguin (Pygoscelis antarctica),"Adult, 1 Egg Stage",Yes,47.0,17.3,185.0,3700.0,FEMALE,165
Chinstrap penguin (Pygoscelis antarctica),"Adult, 1 Egg Stage",Yes,52.0,18.1,201.0,4050.0,MALE,166
Chinstrap penguin (Pygoscelis antarctica),"Adult, 1 Egg Stage",Yes,45.9,17.1,190.0,3575.0,FEMALE,167
Chinstrap penguin (Pygoscelis antarctica),"Adult, 1 Egg Stage",Yes,50.5,19.6,201.0,4050.0,MALE,168
Chinstrap penguin (Pygoscelis antarctica),"Adult, 1 Egg Stage",No,50.3,20.0,197.0,3300.0,MALE,169
Chinstrap penguin (Pygoscelis antarctica),"Adult, 1 Egg Stage",No,58.0,17.8,181.0,3700.0,FEMALE,170
Chinstrap penguin (Pygoscelis antarctica),"Adult, 1 Egg Stage",Yes,46.4,18.6,190.0,3450.0,FEMALE,171
Chinstrap penguin (Pygoscelis antarctica),"Adult, 1 Egg Stage",Yes,49.2,18.2,195.0,4400.0,MALE,172
Chinstrap penguin (Pygoscelis antarctica),"Adult, 1 Egg Stage",Yes,42.4,17.3,181.0,3600.0,FEMALE,173
Chinstrap penguin (Pygoscelis antarctica),"Adult, 1 Egg Stage",Yes,48.5,17.5,191.0,3400.0,MALE,174
Chinstrap penguin (Pygoscelis antarctica),"Adult, 1 Egg Stage",No,43.2,16.6,187.0,2900.0,FEMALE,175
Chinstrap penguin (Pygoscelis antarctica),"Adult, 1 Egg Stage",No,50.6,19.4,193.0,3800.0,MALE,176
Chinstrap penguin (Pygoscelis antarctica),"Adult, 1 Egg Stage",No,46.7,17.9,195.0,3300.0,FEMALE,177
Chinstrap penguin (Pygoscelis antarctica),"Adult, 1 Egg Stage",No,52.0,19.0,197.0,4150.0,MALE,178
Chinstrap penguin (Pygoscelis antarctica),"Adult, 1 Egg Stage",No,50.5,18.4,200.0,3400.0,FEMALE,179
Chinstrap penguin (Pygoscelis antarctica),"Adult, 1 Egg Stage",No,49.5,19.0,200.0,3800.0,MALE,180
Chinstrap penguin (Pygoscelis antarctica),"Adult, 1 Egg Stage",Yes,46.4,17.8,191.0,3700.0,FEMALE,181
Chinstrap penguin (Pygoscelis antarctica),"Adult, 1 Egg Stage",Yes,52.8,20.0,205.0,4550.0,MALE,182
Chinstrap penguin (Pygoscelis antarctica),"Adult, 1 Egg Stage",Yes,40.9,16.6,187.0,3200.0,FEMALE,183
Chinstrap penguin (Pygoscelis antarctica),"Adult, 1 Egg Stage",Yes,54.2,20.8,201.0,4300.0,MALE,184
Chinstrap penguin (Pygoscelis antarctica),"Adult, 1 Egg Stage",Yes,42.5,16.7,187.0,3350.0,FEMALE,185
Chinstrap penguin (Pygoscelis antarctica),"Adult, 1 Egg Stage",Yes,51.0,18.8,203.0,4100.0,MALE,186
Chinstrap penguin (Pygoscelis antarctica),"Adult, 1 Egg Stage",Yes,49.7,18.6,195.0,3600.0,MALE,187
Chinstrap penguin (Pygoscelis antarctica),"Adult, 1 Egg Stage",Yes,47.5,16.8,199.0,3900.0,FEMALE,188
Chinstrap penguin (Pygoscelis antarctica),"Adult, 1 Egg Stage",Yes,47.6,18.3,195.0,3850.0,FEMALE,189
Chinstrap penguin (Pygoscelis antarctica),"Adult, 1 Egg Stage",Yes,52.0,20.7,210.0,4800.0,MALE,190
Chinstrap penguin (Pygoscelis antarctica),"Adult, 1 Egg Stage",No,46.9,16.6,192.0,2700.0,FEMALE,191
Chinstrap penguin (Pygoscelis antarctica),"Adult, 1 Egg Stage",No,53.5,19.9,205.0,4500.0,MALE,192
Chinstrap penguin (Pygoscelis antarctica),"Adult, 1 Egg Stage",Yes,49.0,19.5,210.0,3950.0,MALE,193
Chinstrap penguin (Pygoscelis antarctica),"Adult, 1 Egg Stage",Yes,46.2,17.5,187.0,3650.0,FEMALE,194
Chinstrap penguin (Pygoscelis antarctica),"Adult, 1 Egg Stage",Yes,50.9,19.1,196.0,3550.0,MALE,195
Chinstrap penguin (Pygoscelis antarctica),"Adult, 1 Egg Stage",Yes,45.5,17.0,196.0,3500.0,FEMALE,196
Chinstrap penguin (Pygoscelis antarctica),"Adult, 1 Egg Stage",Yes,50.9,17.9,196.0,3675.0,FEMALE,197
Chinstrap penguin (Pygoscelis antarctica),"Adult, 1 Egg Stage",Yes,50.8,18.5,201.0,4450.0,MALE,198
Chinstrap penguin (Pygoscelis antarctica),"Adult, 1 Egg Stage",Yes,50.1,17.9,190.0,3400.0,FEMALE,199
Chinstrap penguin (Pygoscelis antarctica),"Adult, 1 Egg Stage",Yes,49.0,19.6,212.0,4300.0,MALE,200
Chinstrap penguin (Pygoscelis antarctica),"Adult, 1 Egg Stage",Yes,51.5,18.7,187.0,3250.0,MALE,201
Chinstrap penguin (Pygoscelis antarctica),"Adult, 1 Egg Stage",Yes,49.8,17.3,198.0,3675.0,FEMALE,202
Chinstrap penguin (Pygoscelis antarctica),"Adult, 1 Egg Stage",Yes,48.1,16.4,199.0,3325.0,FEMALE,203
Chinstrap penguin (Pygoscelis antarctica),"Adult, 1 Egg Stage",Yes,51.4,19.0,201.0,3950.0,MALE,204
Chinstrap penguin (Pygoscelis antarctica),"Adult, 1 Egg Stage",Yes,45.7,17.3,193.0,3600.0,FEMALE,205
Chinstrap penguin (Pygoscelis antarctica),"Adult, 1 Egg Stage",Yes,50.7,19.7,203.0,4050.0,MALE,206
Chinstrap penguin (Pygoscelis antarctica),"Adult, 1 Egg Stage",Yes,42.5,17.3,187.0,3350.0,FEMALE,207
Chinstrap penguin (Pygoscelis antarctica),"Adult, 1 Egg Stage",Yes,52.2,18.8,197.0,3450.0,MALE,208
Chinstrap penguin (Pygoscelis antarctica),"Adult, 1 Egg Stage",Yes,45.2,16.6,191.0,3250.0,FEMALE,209
Chinstrap penguin (Pygoscelis antarctica),"Adult, 1 Egg Stage",Yes,49.3,19.9,203.0,4050.0,MALE,210
Chinstrap penguin (Pygoscelis antarctica),"Adult, 1 Egg Stage",Yes,50.2,18.8,202.0,3800.0,MALE,211
Chinstrap penguin (Pygoscelis antarctica),"Adult, 1 Egg Stage",Yes,45.6,19.4,194.0,3525.0,FEMALE,212
Chinstrap penguin (Pygoscelis antarctica),"Adult, 1 Egg Stage",Yes,51.9,19.5,206.0,3950.0,MALE,213
Chinstrap penguin (Pygoscelis antarctica),"Adult, 1 Egg Stage",Yes,46.8,16.5,189.0,3650.0,FEMALE,214
Chinstrap penguin (Pygoscelis antarctica),"Adult, 1 Egg Stage",Yes,45.7,17.0,195.0,3650.0,FEMALE,215
Chinstrap penguin (Pygoscelis antarctica),"Adult, 1 Egg Stage",Yes,55.8,19.8,207.0,4000.0,MALE,216
Chinstrap penguin (Pygoscelis antarctica),"Adult, 1 Egg Stage",No,43.5,18.1,202.0,3400.0,FEMALE,217
Chinstrap penguin (Pygoscelis antarctica),"Adult, 1 Egg Stage",No,49.6,18.2,193.0,3775.0,MALE,218
Chinstrap penguin (Pygoscelis antarctica),"Adult, 1 Egg Stage",Yes,50.8,19.0,210.0,4100.0,MALE,219
Chinstrap penguin (Pygoscelis antarctica),"Adult, 1 Egg Stage",Yes,50.2,18.7,198.0,3775.0,FEMALE,220
Gentoo penguin (Pygoscelis papua),"Adult, 1 Egg Stage",Yes,46.1,13.2,211.0,4500.0,FEMALE,221
Gentoo penguin (Pygoscelis papua),"Adult, 1 Egg Stage",Yes,50.0,16.3,230.0,5700.0,MALE,222
Gentoo penguin (Pygoscelis papua),"Adult, 1 Egg Stage",Yes,48.7,14.1,210.0,4450.0,FEMALE,223
Gentoo penguin (Pygoscelis papua),"Adult, 1 Egg Stage",Yes,50.0,15.2,218.0,5700.0,MALE,224
Gentoo penguin (Pygoscelis papua),"Adult, 1 Egg Stage",Yes,47.6,14.5,215.0,5400.0,MALE,225
Gentoo penguin (Pygoscelis papua),"Adult, 1 Egg Stage",Yes,46.5,13.5,210.0,4550.0,FEMALE,226
Gentoo penguin (Pygoscelis papua),"Adult, 1 Egg Stage",Yes,45.4,14.6,211.0,4800.0,FEMALE,227
Gentoo penguin (Pygoscelis papua),"Adult, 1 Egg Stage",Yes,46.7,15.3,219.0,5200.0,MALE,228
Gentoo penguin (Pygoscelis papua),"Adult, 1 Egg Stage",Yes,43.3,13.4,209.0,4400.0,FEMALE,229
Gentoo penguin (Pygoscelis papua),"Adult, 1 Egg Stage",Yes,46.8,15.4,215.0,5150.0,MALE,230
Gentoo penguin (Pygoscelis papua),"Adult, 1 Egg Stage",No,40.9,13.7,214.0,4650.0,FEMALE,231
Gentoo penguin (Pygoscelis papua),"Adult, 1 Egg Stage",No,49.0,16.1,216.0,5550.0,MALE,232
Gentoo penguin (Pygoscelis papua),"Adult, 1 Egg Stage",Yes,45.5,13.7,214.0,4650.0,FEMALE,233
Gentoo penguin (Pygoscelis papua),"Adult, 1 Egg Stage",Yes,48.4,14.6,213.0,5850.0,MALE,234
Gentoo penguin (Pygoscelis papua),"Adult, 1 Egg Stage",Yes,45.8,14.6,210.0,4200.0,FEMALE,235
Gentoo penguin (Pygoscelis papua),"Adult, 1 Egg Stage",Yes,49.3,15.7,217.0,5850.0,MALE,236
Gentoo penguin (Pygoscelis papua),"Adult, 1 Egg Stage",Yes,42.0,13.5,210.0,4150.0,FEMALE,237
Gentoo penguin (Pygoscelis papua),"Adult, 1 Egg Stage",Yes,49.2,15.2,221.0,6300.0,MALE,238
Gentoo penguin (Pygoscelis papua),"Adult, 1 Egg Stage",Yes,46.2,14.5,209.0,4800.0,FEMALE,239
Gentoo penguin (Pygoscelis papua),"Adult, 1 Egg Stage",Yes,48.7,15.1,222.0,5350.0,MALE,240
Gentoo penguin (Pygoscelis papua),"Adult, 1 Egg Stage",Yes,50.2,14.3,218.0,5700.0,MALE,241
Gentoo penguin (Pygoscelis papua),"Adult, 1 Egg Stage",Yes,45.1,14.5,215.0,5000.0,FEMALE,242
Gentoo penguin (Pygoscelis papua),"Adult, 1 Egg Stage",Yes,46.5,14.5,213.0,4400.0,FEMALE,243
Gentoo penguin (Pygoscelis papua),"Adult, 1 Egg Stage",Yes,46.3,15.8,215.0,5050.0,MALE,244
Gentoo penguin (Pygoscelis papua),"Adult, 1 Egg Stage",Yes,42.9,13.1,215.0,5000.0,FEMALE,245
Gentoo penguin (Pygoscelis papua),"Adult, 1 Egg Stage",Yes,46.1,15.1,215.0,5100.0,MALE,246
Gentoo penguin (Pygoscelis papua),"Adult, 1 Egg Stage",Yes,44.5,14.3,216.0,4100.0,,247
Gentoo penguin (Pygoscelis papua),"Adult, 1 Egg Stage",Yes,47.8,15.0,215.0,5650.0,MALE,248
Gentoo penguin (Pygoscelis papua),"Adult, 1 Egg Stage",Yes,48.2,14.3,210.0,4600.0,FEMALE,249
Gentoo penguin (Pygoscelis papua),"Adult, 1 Egg Stage",Yes,50.0,15.3,220.0,5550.0,MALE,250
Gentoo penguin (Pygoscelis papua),"Adult, 1 Egg Stage",Yes,47.3,15.3,222.0,5250.0,MALE,251
Gentoo penguin (Pygoscelis papua),"Adult, 1 Egg Stage",Yes,42.8,14.2,209.0,4700.0,FEMALE,252
Gentoo penguin (Pygoscelis papua),"Adult, 1 Egg Stage",Yes,45.1,14.5,207.0,5050.0,FEMALE,253
Gentoo penguin (Pygoscelis papua),"Adult, 1 Egg Stage",Yes,59.6,17.0,230.0,6050.0,MALE,254
Gentoo penguin (Pygoscelis papua),"Adult, 1 Egg Stage",Yes,49.1,14.8,220.0,5150.0,FEMALE,255
Gentoo penguin (Pygoscelis papua),"Adult, 1 Egg Stage",Yes,48.4,16.3,220.0,5400.0,MALE,256
Gentoo penguin (Pygoscelis papua),"Adult, 1 Egg Stage",Yes,42.6,13.7,213.0,4950.0,FEMALE,257
Gentoo penguin (Pygoscelis papua),"Adult, 1 Egg Stage",Yes,44.4,17.3,219.0,5250.0,MALE,258
Gentoo penguin (Pygoscelis papua),"Adult, 1 Egg Stage",Yes,44.0,13.6,208.0,4350.0,FEMALE,259
Gentoo penguin (Pygoscelis papua),"Adult, 1 Egg Stage",Yes,48.7,15.7,208.0,5350.0,MALE,260
Gentoo penguin (Pygoscelis papua),"Adult, 1 Egg Stage",No,42.7,13.7,208.0,3950.0,FEMALE,261
Gentoo penguin (Pygoscelis papua),"Adult, 1 Egg Stage",No,49.6,16.0,225.0,5700.0,MALE,262
Gentoo penguin (Pygoscelis papua),"Adult, 1 Egg Stage",Yes,45.3,13.7,210.0,4300.0,FEMALE,263
Gentoo penguin (Pygoscelis papua),"Adult, 1 Egg Stage",Yes,49.6,15.0,216.0,4750.0,MALE,264
Gentoo penguin (Pygoscelis papua),"Adult, 1 Egg Stage",Yes,50.5,15.9,222.0,5550.0,MALE,265
Gentoo penguin (Pygoscelis papua),"Adult, 1 Egg Stage",Yes,43.6,13.9,217.0,4900.0,FEMALE,266
Gentoo penguin (Pygoscelis papua),"Adult, 1 Egg Stage",No,45.5,13.9,210.0,4200.0,FEMALE,267
Gentoo penguin (Pygoscelis papua),"Adult, 1 Egg Stage",No,50.5,15.9,225.0,5400.0,MALE,268
Gentoo penguin (Pygoscelis papua),"Adult, 1 Egg Stage",Yes,44.9,13.3,213.0,5100.0,FEMALE,269
Gentoo penguin (Pygoscelis papua),"Adult, 1 Egg Stage",Yes,45.2,15.8,215.0,5300.0,MALE,270
Gentoo penguin (Pygoscelis papua),"Adult, 1 Egg Stage",Yes,46.6,14.2,210.0,4850.0,FEMALE,271
Gentoo penguin (Pygoscelis papua),"Adult, 1 Egg Stage",Yes,48.5,14.1,220.0,5300.0,MALE,272
Gentoo penguin (Pygoscelis papua),"Adult, 1 Egg Stage",Yes,45.1,14.4,210.0,4400.0,FEMALE,273
Gentoo penguin (Pygoscelis papua),"Adult, 1 Egg Stage",Yes,50.1,15.0,225.0,5000.0,MALE,274
Gentoo penguin (Pygoscelis papua),"Adult, 1 Egg Stage",Yes,46.5,14.4,217.0,4900.0,FEMALE,275
Gentoo penguin (Pygoscelis papua),"Adult, 1 Egg Stage",Yes,45.0,15.4,220.0,5050.0,MALE,276
Gentoo penguin (Pygoscelis papua),"Adult, 1 Egg Stage",Yes,43.8,13.9,208.0,4300.0,FEMALE,277
Gentoo penguin (Pygoscelis papua),"Adult, 1 Egg Stage",Yes,45.5,15.0,220.0,5000.0,MALE,278
Gentoo penguin (Pygoscelis papua),"Adult, 1 Egg Stage",Yes,43.2,14.5,208.0,4450.0,FEMALE,279
Gentoo penguin (Pygoscelis papua),"Adult, 1 Egg Stage",Yes,50.4,15.3,224.0,5550.0,MALE,280
Gentoo penguin (Pygoscelis papua),"Adult, 1 Egg Stage",Yes,45.3,13.8,208.0,4200.0,FEMALE,281
Gentoo penguin (Pygoscelis papua),"Adult, 1 Egg Stage",Yes,46.2,14.9,221.0,5300.0,MALE,282
Gentoo penguin (Pygoscelis papua),"Adult, 1 Egg Stage",Yes,45.7,13.9,214.0,4400.0,FEMALE,283
Gentoo penguin (Pygoscelis papua),"Adult, 1 Egg Stage",Yes,54.3,15.7,231.0,5650.0,MALE,284
Gentoo penguin (Pygoscelis papua),"Adult, 1 Egg Stage",Yes,45.8,14.2,219.0,4700.0,FEMALE,285
Gentoo penguin (Pygoscelis papua),"Adult, 1 Egg Stage",Yes,49.8,16.8,230.0,5700.0,MALE,286
Gentoo penguin (Pygoscelis papua),"Adult, 1 Egg Stage",Yes,46.2,14.4,214.0,4650.0,,287
Gentoo penguin (Pygoscelis papua),"Adult, 1 Egg Stage",Yes,49.5,16.2,229.0,5800.0,MALE,288
Gentoo penguin (Pygoscelis papua),"Adult, 1 Egg Stage",Yes,43.5,14.2,220.0,4700.0,FEMALE,289
Gentoo penguin (Pygoscelis papua),"Adult, 1 Egg Stage",Yes,50.7,15.0,223.0,5550.0,MALE,290
Gentoo penguin (Pygoscelis papua),"Adult, 1 Egg Stage",Yes,47.7,15.0,216.0,4750.0,FEMALE,291
Gentoo penguin (Pygoscelis papua),"Adult, 1 Egg Stage",Yes,46.4,15.6,221.0,5000.0,MALE,292
Gentoo penguin (Pygoscelis papua),"Adult, 1 Egg Stage",Yes,48.2,15.6,221.0,5100.0,MALE,293
Gentoo penguin (Pygoscelis papua),"Adult, 1 Egg Stage",Yes,46.5,14.8,217.0,5200.0,FEMALE,294
Gentoo penguin (Pygoscelis papua),"Adult, 1 Egg Stage",Yes,46.4,15.0,216.0,4700.0,FEMALE,295
Gentoo penguin (Pygoscelis papua),"Adult, 1 Egg Stage",Yes,48.6,16.0,230.0,5800.0,MALE,296
Gentoo penguin (Pygoscelis papua),"Adult, 1 Egg Stage",Yes,47.5,14.2,209.0,4600.0,FEMALE,297
Gentoo penguin (Pygoscelis papua),"Adult, 1 Egg Stage",Yes,51.1,16.3,220.0,6000.0,MALE,298
Gentoo penguin (Pygoscelis papua),"Adult, 1 Egg Stage",Yes,45.2,13.8,215.0,4750.0,FEMALE,299
Gentoo penguin (Pygoscelis papua),"Adult, 1 Egg Stage",Yes,45.2,16.4,223.0,5950.0,MALE,300
Gentoo penguin (Pygoscelis papua),"Adult, 1 Egg Stage",Yes,49.1,14.5,212.0,4625.0,FEMALE,301
Gentoo penguin (Pygoscelis papua),"Adult, 1 Egg Stage",Yes,52.5,15.6,221.0,5450.0,MALE,302
Gentoo penguin (Pygoscelis papua),"Adult, 1 Egg Stage",Yes,47.4,14.6,212.0,4725.0,FEMALE,303
Gentoo penguin (Pygoscelis papua),"Adult, 1 Egg Stage",Yes,50.0,15.9,224.0,5350.0,MALE,304
Gentoo penguin (Pygoscelis papua),"Adult, 1 Egg Stage",Yes,44.9,13.8,212.0,4750.0,FEMALE,305
Gentoo penguin (Pygoscelis papua),"Adult, 1 Egg Stage",Yes,50.8,17.3,228.0,5600.0,MALE,306
Gentoo penguin (Pygoscelis papua),"Adult, 1 Egg Stage",Yes,43.4,14.4,218.0,4600.0,FEMALE,307
Gentoo penguin (Pygoscelis papua),"Adult, 1 Egg Stage",Yes,51.3,14.2,218.0,5300.0,MALE,308
Gentoo penguin (Pygoscelis papua),"Adult, 1 Egg Stage",Yes,47.5,14.0,212.0,4875.0,FEMALE,309
Gentoo penguin (Pygoscelis papua),"Adult, 1 Egg Stage",Yes,52.1,17.0,230.0,5550.0,MALE,310
Gentoo penguin (Pygoscelis papua),"Adult, 1 Egg Stage",Yes,47.5,15.0,218.0,4950.0,FEMALE,311
Gentoo penguin (Pygoscelis papua),"Adult, 1 Egg Stage",Yes,52.2,17.1,228.0,5400.0,MALE,312
Gentoo penguin (Pygoscelis papua),"Adult, 1 Egg Stage",Yes,45.5,14.5,212.0,4750.0,FEMALE,313
Gentoo penguin (Pygoscelis papua),"Adult, 1 Egg Stage",Yes,49.5,16.1,224.0,5650.0,MALE,314
Gentoo penguin (Pygoscelis papua),"Adult, 1 Egg Stage",Yes,44.5,14.7,214.0,4850.0,FEMALE,315
Gentoo penguin (Pygoscelis papua),"Adult, 1 Egg Stage",Yes,50.8,15.7,226.0,5200.0,MALE,316
Gentoo penguin (Pygoscelis papua),"Adult, 1 Egg Stage",Yes,49.4,15.8,216.0,4925.0,MALE,317
Gentoo penguin (Pygoscelis papua),"Adult, 1 Egg Stage",Yes,46.9,14.6,222.0,4875.0,FEMALE,318
Gentoo penguin (Pygoscelis papua),"Adult, 1 Egg Stage",Yes,48.4,14.4,203.0,4625.0,FEMALE,319
Gentoo penguin (Pygoscelis papua),"Adult, 1 Egg Stage",Yes,51.1,16.5,225.0,5250.0,MALE,320
Gentoo penguin (Pygoscelis papua),"Adult, 1 Egg Stage",Yes,48.5,15.0,219.0,4850.0,FEMALE,321
Gentoo penguin (Pygoscelis papua),"Adult, 1 Egg Stage",Yes,55.9,17.0,228.0,5600.0,MALE,322
Gentoo penguin (Pygoscelis papua),"Adult, 1 Egg Stage",Yes,47.2,15.5,215.0,4975.0,FEMALE,323
Gentoo penguin (Pygoscelis papua),"Adult, 1 Egg Stage",Yes,49.1,15.0,228.0,5500.0,MALE,324
Gentoo penguin (Pygoscelis papua),"Adult, 1 Egg Stage",Yes,47.3,13.8,216.0,4725.0,,325
Gentoo penguin (Pygoscelis papua),"Adult, 1 Egg Stage",Yes,46.8,16.1,215.0,5500.0,MALE,326
Gentoo penguin (Pygoscelis papua),"Adult, 1 Egg Stage",Yes,41.7,14.7,210.0,4700.0,FEMALE,327
Gentoo penguin (Pygoscelis papua),"Adult, 1 Egg Stage",Yes,53.4,15.8,219.0,5500.0,MALE,328
Gentoo penguin (Pygoscelis papua),"Adult, 1 Egg Stage",Yes,43.3,14.0,208.0,4575.0,FEMALE,329
Gentoo penguin (Pygoscelis papua),"Adult, 1 Egg Stage",Yes,48.1,15.1,209.0,5500.0,MALE,330
Gentoo penguin (Pygoscelis papua),"Adult, 1 Egg Stage",Yes,50.5,15.2,216.0,5000.0,FEMALE,331
Gentoo penguin (Pygoscelis papua),"Adult, 1 Egg Stage",Yes,49.8,15.9,229.0,5950.0,MALE,332
Gentoo penguin (Pygoscelis papua),"Adult, 1 Egg Stage",Yes,43.5,15.2,213.0,4650.0,FEMALE,333
Gentoo penguin (Pygoscelis papua),"Adult, 1 Egg Stage",Yes,51.5,16.3,230.0,5500.0,MALE,334
Gentoo penguin (Pygoscelis papua),"Adult, 1 Egg Stage",Yes,46.2,14.1,217.0,4375.0,FEMALE,335
Gentoo penguin (Pygoscelis papua),"Adult, 1 Egg Stage",Yes,55.1,16.0,230.0,5850.0,MALE,336
Gentoo penguin (Pygoscelis papua),"Adult, 1 Egg Stage",Yes,44.5,15.7,217.0,4875.0,.,337
Gentoo penguin (Pygoscelis papua),"Adult, 1 Egg Stage",Yes,48.8,16.2,222.0,6000.0,MALE,338
Gentoo penguin (Pygoscelis papua),"Adult, 1 Egg Stage",No,47.2,13.7,214.0,4925.0,FEMALE,339
Gentoo penguin (Pygoscelis papua),"Adult, 1 Egg Stage",No,,,,,,340
Gentoo penguin (Pygoscelis papua),"Adult, 1 Egg Stage",Yes,46.8,14.3,215.0,4850.0,FEMALE,341
Gentoo penguin (Pygoscelis papua),"Adult, 1 Egg Stage",Yes,50.4,15.7,222.0,5750.0,MALE,342
Gentoo penguin (Pygoscelis papua),"Adult, 1 Egg Stage",Yes,45.2,14.8,212.0,5200.0,FEMALE,343
Gentoo penguin (Pygoscelis papua),"Adult, 1 Egg Stage",Yes,49.9,16.1,213.0,5400.0,MALE,344
